line_number,text
1,"CONFIDENTIAL AND PROPRIETARY TO S CORPORATION SHAREHOLDERS                                                                Strategic Partners & Anchor Investors:"
2,"EXPERIMENTAL BRICS-NATO CONTINGENT 001:                                                                                   National Security Councils"
3,"“UNTITLED R&D”                                                                                                            Defense Ministries"
4,"                                                                                                                          Central Banks within the G20"
5,"CONTROLLED AND GOVERNED BY C CORPORATION BYLAWS                                                                           Intelligence agencies (e.g., CIA, FSB, MSS)"
6,"ACTIVE GLOBAL HOLDING STRUCTURE PROJECT                                                                                   Advanced R&D bodies ( DARPA Analogs )"
7,"EQUIPPED FOR 100 S CORP SHAREHOLDERS                                                                                      Sovereign Wealth Funds"
8,""
9,"Entity Name: UNTITLED R&D                                                                                                 Market Conditions, Opportunities, & Positioning:"
10,"Incorporation State: DELAWARE (>$5000K) or WYOMING (<$5000K)                                                              Operations are maintained under proactive regulatory alignment & standard-setting for agencies in United States."
11,"Registered Agent: NATIONAL REGISTERED AGENT SERVICE (CSC or CT Corp)                                                      Full portfolio maturation as agentic orchestration accelerates to TRL 7-9 for deployable, revenue-generating assets."
12,"Legal Structure: C CORPORATION                                                                                            NATO and BRICS blocs considered for GDP-weighted investment and ROI allocation and multi-currency operations."
13,"File Number: PENDING                                                                                                      Contingency protocols for autonomous passthrough entities, scenario-based planning, and treasury diversification."
14,"EIN Number: PENDING"
15,"Audit Firm: “BIG FOUR” ACCOUNTING FIRMS (Deloitte, PwC, EY, & KPMG)                                                       Shareholder Exit & Reconstitution Framework:"
16,"Corporate Counsel: TBD via RFP PROCESS                                                                                    Shareholder exits are structured to preserve institutional continuity under the following contingent protocols:"
17,"Primary Banking: TIER-1 U.S./EU BANKS FOR NATO-FACING LLCs                                                                Pro-Rata Salvage Conversion."
18,"Parallel Banking: DESIGNATED GLOBAL INSTITUTIONS (e.g., Standard Chartered, DBS Bank, First Abu Dhabi Bank)               Passthrough Reassignment."
19,"Contingency Protocol: PRE-VETTED SPECIALIZED BANKS (e.g., Bank of Singapore, EFG Bank)                                    Treasury-Indexed Buybacks."
20,"Insurance Carrier: A-RATED CARRIER D&O & BLANKET E&O POLICY                                                               Cross-Bloc Currency Tranche Settlements."
21,"                                                                                                                          Deferred Reconstitution Notes."
22,"These are experimental contingent assets for BRICS and NATO economies.                                                    These mechanisms enable full corporate rebooting with a multi-currency treasury base across BRICS and NATO blocs."
23,"The corporation consists of 26 divisions (A-Z) with multiple LLCs per division."
24,"This document represents the corporation as a pre-seed R&D framework."
25,""
26,"Financial Analysis Framework:"
27,"1. Division-by-division analysis"
28,"2. Projected TRL 1–9 asset realization"
29,"3. Valuation methodology (SOTP)"
30,"4. Portfolio-level ROI calculation"
31,"5. Strategic and operational implications"
32,""
33,"GDP-Weighted Valuation Logic:"
34,"Investment allocation and ROI projections are weighted proportionally"
35,"to the aggregate GDPs of NATO-aligned and BRICS-aligned economies."
36,"Portfolio value reflects multi-currency modeling, sovereign liquidity access, and cross-bloc treasury bifurcation."
37,"Division valuations align to TRL 7–9 deployment readiness, market comparables, and jurisdictional economic weightings."
38,""
39,"Agentic DAO & Large Language Model Protocols:"
40,"1. Analyze technological feasibility for theoretical and proven concepts."
41,"2. Focus on economic implications and development pathways."
42,"3. Treat as strategic planning to develop operational applications."
43,"4. Note dependencies and research cascades between technologies."
44,""
45,"Contingent Protocols:"
46,"1. Consolidate all assets into UNTITLED R&D."
47,"2. Monitor and brace for defined contingent events in BRICS and NATO economies."
48,"3. Pre-establish one passthrough entity per participant and execute all standby agreements."
49,"4. Deploy immediate tax-efficient drop-down to LLC subsidiaries and pro-rata distribution of interests."
50,"5. Alternatively, after 5-year hold and S-election, complete full S-corporation liquidation."
51,"6. Activate the decentralized network of 100+ independent passthrough entities."
52,""
53,"Universal Legend:"
54,""
55,"Division Name"
56,"Business Entity"
57,"LLC #: TRL 1-3 - “Experimental & Theoretical”"
58,"LLC #: TRL 4-6 - Development Ready"
59,"LLC #: TRL 7-9 - [ Realizable Asset ]"
60,""
61,"Division A: Communicative & Informative Platforms                                                                 Division E: Entertainment & Advertising"
62,"Partnership-Taxed LLCs                                                                                            Partnership-Taxed LLCs"
63,"LLC 0: Real-Time Textual Exchange Protocol & Live Prompt Observatory (D:W LLC:1)                                  LLC 0: “Quantum Wavefront Photonic-Holographic SLM Display”"
64,"LLC 1: Open-Source SLAM Registry & Spatial-Media Platform                                                         LLC 1: Pepper’s Ghost Display Pillars, Cases, and Stage"
65,"LLC 2: Personal Consent-Based Third-Party DM Relay Platform                                                       LLC 2: Electric Guitar MIDI Input & DMX512 Bridge"
66,"LLC 3: Non-Invasive NFC Piercings & On-Skin Interfaces                                                            LLC 3: Lithium 510-Thread MIDI Input & DMX512 Controller"
67,"LLC 4: “IBCI Dating App & SO 15693 IBCI Exchange Protocol”                                                        LLC 4: “Vestibular Infrasonics & Limbic Entertainment (V.I.L.E)”"
68,"LLC 5: “Telepresent Health & Wellness REST-MQTT API-NLPs”                                                         LLC 5: “Telepresently Multimodal XR Performance Seat & Table”"
69,"LLC 6: “Healthcare Provider & Weighted Recursion Dating App Model”                                                LLC 6: Quantum Locked Glassware, Serving Tray, & Ice Embosser"
70,"LLC 7: Proximity-Based Passive Surveillance Platforms for Digital Whisper Networks                                LLC 7: Antimicrobial UV & Photochromic Crystal Floors"
71,"LLC 8:                                                                                                            LLC 8: “Self-Cleaning Contact-Free Restroom Appliances & Shower”"
72,"LLC 9:                                                                                                            LLC 9: “Suspended Photochromic Pool, Speakeasy, & Swim Spa"""
73,"LLC X:                                                                                                            LLC X: “The Collective Establishments “Baroque” Experiment”"
74,"LLC Y:                                                                                                            LLC Y: “5D Optical Data Crystal Statue Registry & Nanoglass Humanoids”"
75,"LLC Z:                                                                                                            LLC Z:"
76,"LLC A:                                                                                                            LLC A:"
77,"LLC B:                                                                                                            LLC B:"
78,"LLC C:                                                                                                            LLC C:"
79,""
80,"Division B: Financial & Economic Infrastructure                                                                   Division F: Historical Archiving & Institutional Education"
81,"Partnership-Taxed LLCs                                                                                            Partnership-Taxed LLCs"
82,"LLC 0: “Overnight RTR-ACH Banking Bridge & Machine Learning ACH Risk Engine""                                      LLC 0: Decentralized Corporate ISBN Torrent Registry & LMS Platform"
83,"LLC 1: Financial Ratio Intelligence and External Market Simulator                                                 LLC 1: “Real-Time ATS-PMS-HRIS-to-Curriculum Composer”"
84,"LLC 2: “Real-Time Poly-Economic AGI-ASI Value-Flow Editor & Designer”                                             LLC 2: Live NGO-Corporate Intelligence & Emergent Learning Engine"
85,"LLC 3: Real-Time Adaptive SEC-NACHA Compliance & Risk Engine                                                      LLC 3: “Post-Industrial Neuroadaptive Learning Architecture”"
86,"LLC 4: Live Poly-Economic Insider-Trade Map & Proprietary Signal Generator                                        LLC 4: Individual Spousal Aid Reconciliation & Covenant Trust Registry"
87,"LLC 5: “Automated CFTC-FINRA Sanctions API”                                                                       LLC 5: “Collaborated & Distributed ISBN Annotation Kernel & Cross LMS-LTI Embed”"
88,"LLC 6: “Data Broker-Financial Nexus Scanner & PII-to-Trading Leak Parser”                                         LLC 6: “Academic Portfolio Syndicator & Learner-Made Social Credentialing Content Platform”"
89,"LLC 7: “Personal Federated Tax Allocation and Expenditure Tracking System”                                        LLC 7:"
90,"LLC 8: Real-Time Transaction-to-Financial Document Authoring and Governance System                                LLC 8:"
91,"LLC 9: “United States Federal ISEI System — Individual Spousal Economic Identity”                                 LLC 9:"
92,"LLC X: “Real-Time Payments Network & FedNow Service Gateway Card Processing""                                      LLC X:"
93,"LLC Y: “Broadcasted Paystub, Work Schedule, & Transaction Platform""                                               LLC Y:"
94,"LLC Z: Competitors Treasury Stock Mitigation Protocols (Pre-Shareholder Rights Plan)                              LLC Z:"
95,"LLC A: Adaptive Shareholder Rights Plans via DAO                                                                  LLC A:"
96,"LLC B: DAO Defensive Publishing via SSH accessed GitHub repositories.                                             LLC B:"
97,"LLC C: Anticipatory Provisional Training Application Detection and Writing                                        LLC C:"
98,""
99,"Division C: Corporate Defense & Counter-Espionage                                                                 Division G: Corporate Onboarding & Office Administration"
100,"Partnership-Taxed LLCs                                                                                            Partnership-Taxed LLCs"
101,"LLC 0: “Neo4J Identity Ontology Verifier & Synthetic AI Agent Audit Layer”                                        LLC 0: Automated Technical Interview & Examination Prep Suite"
102,"LLC 1: “Emergency Data Override Arbitration Layer & Auto-Draft Injunction Generator”                              LLC 1: Proprietary Corporate Credential Disclosure Platform"
103,"LLC 2: Predictive CEO Risk Assessment & Elected Official Mitigation Graph                                         LLC 2: “Internationally Remote NGO Credential Registry Portal”"
104,"LLC 3: “Unified Counter-Intelligence Data Lake & Temporal Correlation Neural Network”                             LLC 3: Real-Time Dual ASL Codec & Multilingual RTMP Ingest"
105,"LLC 4: “Live Adversary Red Team Cell Tradecraft Simulation & Curriculum Feedback Loop”                            LLC 4: Live Asset Analytics & Reallocation Feedback Engine"
106,"LLC 5: “Full Spectrum AI Deception Enticement Grid & Honeytoken Orchestration Engine”                             LLC 5: “Auto-Predictive Job Synthesis Kernel & Deployment API”"
107,"LLC 6: “Cross-Divisional Anomaly Detection & Data Exfiltration Guard”                                             LLC 6: “Auto-Arbitration Kernel & Cross-Jurisdictional Compliance DAO”"
108,"LLC 7: “Secure Communications & Command Mesh Network”                                                             LLC 7: “Unified Real-Time Internal-Hire & Employee Mobility Platform”"
109,"LLC 8: “Legal-Arbiter Integration & Regulatory Threat Intelligence Feed”                                          LLC 8: “Internal Company Performance Ledger & Candidate Assessor”"
110,"LLC 9: “Continuous Personnel Vetting & Behavioral-Cultural Anomaly Priming & Mitigation”                          LLC 9: Real-Time Intercommunicative PMS-HRIS-ATS API & DAO"
111,"LLC X: “Privileged Access Governance CI Educational Orchestrator & Culture Hub”                                   LLC X: “Unified Corporate Data Model & International Vending Schema”"
112,"LLC Y: Immersive CI Tradecraft Dojo & Continuous Psychological Proficiency Engine                                 LLC Y: “Dynamic Access Sunset Clause”"
113,"LLC Z: “User Engagement Metric Priming Talent Cultivation & Pipeline Orchestrator”                                LLC Z:"
114,"LLC A: ""Infinite Multi-INT Causation Regression & Correlation Auditing System”                                    LLC A:"
115,"LLC B: Live RF Exposure Surface Mapper & Multi-INT Through-Environment Analytics Ingest                           LLC B:"
116,"LLC C: Adaptive USPTO Patent Registration                                                                         LLC C:"
117,""
118,"Division D: Medical Research                                                                                      Division H: Housing, Real Estate, Urban Development, & Transportation"
119,"Partnership-Taxed LLCs                                                                                            Partnership-Taxed LLCs"
120,"LLC 0: “Multimodal IBCI API”                                                                                      LLC 0: “SLAM-Based Aerial Roadway System”"
121,"LLC 1: “Decoded Neurofeedback Facility”                                                                           LLC 1: ""Electromagnetically-Locked VTOL Parking Zones”"
122,"LLC 2: “IBCI Hardware & OI Software Manufacturer""                                                                 LLC 2:"
123,"LLC 3: Zero-Latency Open-Source IBCI OS                                                                           LLC 3:"
124,"LLC 4: “Multimodal Neurodata Server”                                                                              LLC 4:"
125,"LLC 5: DNA Data Storage Hosting                                                                                   LLC 5:"
126,"LLC 6: “CRISPR-Cas9 Clinic”                                                                                       LLC 6:"
127,"LLC 7: “Cellular Senescence Locking Server”                                                                       LLC 7:"
128,"LLC 8: “Wetware Prosthetics & Organoid Intelligent Soft-Robotics""                                                 LLC 8:"
129,"LLC 9: “OptoGenetic Research Program”                                                                             LLC 9:"
130,"LLC X: “Vestibular Infrasonics & Limbic Research Program”                                                         LLC X:"
131,"LLC Y:                                                                                                            LLC Y:"
132,"LLC Z:                                                                                                            LLC Z:"
133,"LLC A:                                                                                                            LLC A:"
134,"LLC B:                                                                                                            LLC B:"
135,"LLC C:                                                                                                            LLC C:"
136,"CONFIDENTIAL AND PROPRIETARY TO S CORPORATION SHAREHOLDERS                                                                Strategic Partners & Anchor Investors:"
137,"EXPERIMENTAL BRICS-NATO CONTINGENT 001:                                                                                   National Security Councils"
138,"“UNTITLED R&D”                                                                                                            Defense Ministries"
139,"                                                                                                                          Central Banks within the G20"
140,"CONTROLLED AND GOVERNED BY C CORPORATION BYLAWS                                                                           Intelligence agencies (e.g., CIA, FSB, MSS)"
141,"ACTIVE GLOBAL HOLDING STRUCTURE PROJECT                                                                                   Advanced R&D bodies ( DARPA Analogs )"
142,"EQUIPPED FOR 100 S CORP SHAREHOLDERS                                                                                      Sovereign Wealth Funds"
143,""
144,"Entity Name: UNTITLED R&D                                                                                                 Market Conditions, Opportunities, & Positioning:"
145,"Incorporation State: DELAWARE (>$5000K) or WYOMING (<$5000K)                                                              Operations are maintained under proactive regulatory alignment & standard-setting for agencies in United States."
146,"Registered Agent: NATIONAL REGISTERED AGENT SERVICE (CSC or CT Corp)                                                      Full portfolio maturation as agentic orchestration accelerates to TRL 7-9 for deployable, revenue-generating assets."
147,"Legal Structure: C CORPORATION                                                                                            NATO and BRICS blocs considered for GDP-weighted investment and ROI allocation and multi-currency operations."
148,"File Number: PENDING                                                                                                      Contingency protocols for autonomous passthrough entities, scenario-based planning, and treasury diversification."
149,"EIN Number: PENDING"
150,"Audit Firm: “BIG FOUR” ACCOUNTING FIRMS (Deloitte, PwC, EY, & KPMG)                                                       Shareholder Exit & Reconstitution Framework:"
151,"Corporate Counsel: TBD via RFP PROCESS                                                                                    Shareholder exits are structured to preserve institutional continuity under the following contingent protocols:"
152,"Primary Banking: TIER-1 U.S./EU BANKS FOR NATO-FACING LLCs                                                                Pro-Rata Salvage Conversion."
153,"Parallel Banking: DESIGNATED GLOBAL INSTITUTIONS (e.g., Standard Chartered, DBS Bank, First Abu Dhabi Bank)               Passthrough Reassignment."
154,"Contingency Protocol: PRE-VETTED SPECIALIZED BANKS (e.g., Bank of Singapore, EFG Bank)                                    Treasury-Indexed Buybacks."
155,"Insurance Carrier: A-RATED CARRIER D&O & BLANKET E&O POLICY                                                               Cross-Bloc Currency Tranche Settlements."
156,"                                                                                                                          Deferred Reconstitution Notes."
157,"These are experimental contingent assets for BRICS and NATO economies.                                                    These mechanisms enable full corporate rebooting with a multi-currency treasury base across BRICS and NATO blocs."
158,"The corporation consists of 26 divisions (A-Z) with multiple LLCs per division."
159,"This document represents the corporation as a pre-seed R&D framework."
160,""
161,"Financial Analysis Framework:"
162,"1. Division-by-division analysis"
163,"2. Projected TRL 1–9 asset realization"
164,"3. Valuation methodology (SOTP)"
165,"4. Portfolio-level ROI calculation"
166,"5. Strategic and operational implications"
167,""
168,"GDP-Weighted Valuation Logic:"
169,"Investment allocation and ROI projections are weighted proportionally"
170,"to the aggregate GDPs of NATO-aligned and BRICS-aligned economies."
171,"Portfolio value reflects multi-currency modeling, sovereign liquidity access, and cross-bloc treasury bifurcation."
172,"Division valuations align to TRL 7–9 deployment readiness, market comparables, and jurisdictional economic weightings."
173,""
174,"Agentic DAO & Large Language Model Protocols:"
175,"1. Analyze technological feasibility for theoretical and proven concepts."
176,"2. Focus on economic implications and development pathways."
177,"3. Treat as strategic planning to develop operational applications."
178,"4. Note dependencies and research cascades between technologies."
179,""
180,"Contingent Protocols:"
181,"1. Consolidate all assets into UNTITLED R&D."
182,"2. Monitor and brace for defined contingent events in BRICS and NATO economies."
183,"3. Pre-establish one passthrough entity per participant and execute all standby agreements."
184,"4. Deploy immediate tax-efficient drop-down to LLC subsidiaries and pro-rata distribution of interests."
185,"5. Alternatively, after 5-year hold and S-election, complete full S-corporation liquidation."
186,"6. Activate the decentralized network of 100+ independent passthrough entities."
187,""
188,"Universal Legend:"
189,""
190,"Division Name"
191,"Business Entity"
192,"LLC #: TRL 1-3 - “Experimental & Theoretical”"
193,"LLC #: TRL 4-6 - Development Ready"
194,"LLC #: TRL 7-9 - [ Realizable Asset ]"
195,""
196,"Division I: Animal Agriculture, Food Supply Chains & Rural Development                                            Division M: Manufacturing, Construction, Maintenance & Logistics"
197,"Partnership-Taxed LLCs                                                                                            Partnership-Taxed LLCs"
198,"LLC 0: “Multispecies Endozoochory & Polyvector Priming Program”                                                   LLC 0: Telepresently Gyroscopic AR-Integrated Hardware Tools"
199,"LLC 1: “Ruminant & Hindgut Fermenter Crop Classification & Growing System”                                        LLC 1: Non-Latent Thermodynamic KERS XR Telepresence Bot"
200,"LLC 2: “Phytoneural Crop Monitoring & ID Systems”                                                                 LLC 2: “KERS-Assisted Maglev Passenger & Freight Vehicle”"
201,"LLC 3: “Participatory Agroecological Livestock & Multi-Species Training System”                                   LLC 3: SLAM Pathfinding & QAOA Layered TSP Orchestrator"
202,"LLC 4: “Ruminant & Hindgut Fermentation Timer & Queued Fertilization Dashboard”                                   LLC 4: “Indoor-Outdoor SLAM Anchors & ML VTOL Logistics Grid”"
203,"LLC 5: “Regionally Cooperative Avian & Insect Pollination Coordination Network”                                   LLC 5: Perpetual Cloud SaaS WMS Demand Forecaster & AI Telepresence System"
204,"LLC 6: “Mycofiltration & Aquatic-Land Agroecological Node Systems”                                                LLC 6: “Telepresently Multimodal & Modular SLAM Construction Swarm”"
205,"LLC 7: “Interspecies Labor Exchange Training Module & Platform”                                                   LLC 7: Telepresent RF EAN-13-QR-3DDC SLAM & Live SKU Localization Protocol"
206,"LLC 8: “Autonomous Farm-Scale Energy & Feed Cycling”                                                              LLC 8:"
207,"LLC 9: “Reciprocative Interspecies Cultivation & Harvesting”                                                      LLC 9:"
208,"LLC X:                                                                                                            LLC X:"
209,"LLC Y:                                                                                                            LLC Y:"
210,"LLC Z:                                                                                                            LLC Z:"
211,"LLC A:                                                                                                            LLC A:"
212,"LLC B:                                                                                                            LLC B:"
213,"LLC C:                                                                                                            LLC C:"
214,""
215,"Division J: National Security, Digital Counterterrorism, & Federal Data Protection                                Division N: Neural Reality Research Applications"
216,"Partnership-Taxed LLCs                                                                                            Partnership-Taxed LLCs"
217,"LLC 0: Live Personal Passive Reconnaissance & Federated Geofence Learning                                         LLC 0: “Neuromorphic Telepresence & Auto-Optimized Spiked-Based Settlement Net”"
218,"LLC 1: “Live ZKP Parallel Construction Ingest & Chain-Reaction Causality Tracing”                                 LLC 1: “DecNef INT4-INT8-FP16 Optimal Matrix & Hybrid SNN/CNN Chip”"
219,"LLC 2: Personal User Engagement Metric Reinforcement Learning & Priming Alerter                                   LLC 2: “Memory-Safe Decoding Firewall & INT8-LSTM-FP16 Filter”"
220,"LLC 3: “Dynamic Behavioral Obfuscation Layer & Real-Time Synthetic User Engine”                                   LLC 3: “Neurological Transfer Shell & Neuro SNN-PQC NIST FIPS 204”"
221,"LLC 4: “Blockchain Consent Revocation & Data Recall System”                                                       LLC 4: “3D Pruning DNN Distribution & Cognitive Cloud Storage”"
222,"LLC 5: “Plonky3 Data Provenance Registry & Differential Privacy Auditing Trails”                                  LLC 5: “Sovereign Neural Reality IBCI avatars?”"
223,"LLC 6: “Real-Time Trusted Enclave Computation & PII Accuracy Verification Engine”                                 LLC 6: “Cortical ZKP Memory Integrity Testing & Reconstruction Verification”"
224,"LLC 7: “Blockchain PII Custody DID-ZKATs & Legal Proxying Layer”                                                  LLC 7: “Hybrid Zero-Trust Hybrid Neurodata SNN-PQC ASIC”"
225,"LLC 8: “Cognitive Boundary Enforcement Layer & Perception Intrusion Guard”                                        LLC 8: “Multi-Factor Neural Captcha”"
226,"LLC 9: “Automated Data Brokerage Crawler Contracts & Open Source SEC Algorithms”                                  LLC 9: “Superconductive TPU Clusters”"
227,"LLC X: “Real-Time Multilateral Data Treaty Validator & Cross-Border Compliance AI”                                LLC X: “Redundant Cognitive Mesh & Organoid Memory Relay Clusters”"
228,"LLC Y: “Public Data Leak Early Warning Network & Data Ethics Ombudsman Kernel""                                    LLC Y: “Neuromorphic Biometric Attestation"""
229,"LLC Z: “Cross-Alliance OSINT Stream Integrator”                                                                   LLC Z:"
230,"LLC A: GEOINT-OSINT-HUMINT-SIGINT-MASINT Causation Regression & Correlation Auditing                              LLC A:"
231,"LLC B:                                                                                                            LLC B:"
232,"LLC C:                                                                                                            LLC C:"
233,""
234,"Division K: Kinesthetics                                                                                          Division O: Risk Intelligence Systems"
235,"Partnership-Taxed LLCs                                                                                            Partnership-Taxed LLCs"
236,"LLC 0:                                                                                                            LLC 0: “Comprehensive Risk Vector Ontology & Multi-Source Causal Chain Analytics Engine”"
237,"LLC 1:                                                                                                            LLC 1: “Real-Time Cross-Domain Risk Correlation Neural Network & Predictive Amplification”"
238,"LLC 2:                                                                                                            LLC 2: “Automated Risk Mitigation Orchestration & Dynamic Policy Synthesis Platform”"
239,"LLC 3:                                                                                                            LLC 3: “Proactive Control Failure Forecasting & Threat Compromise Early-Warning System”"
240,"LLC 4:                                                                                                            LLC 4: “Live Attack Surface Reduction & Adaptive Vulnerability Hardening Grid”"
241,"LLC 5:                                                                                                            LLC 5: “Integrated Supply Chain Threat Mapping & Dynamic Risk Neutralization Network”"
242,"LLC 6:                                                                                                            LLC 6: “Enterprise Insider Threat Identification & Granular Vector Neutralization Framework”"
243,"LLC 7:                                                                                                            LLC 7: “Regulatory Blockchain Forecasting & Automated Compliance Risk Intelligence Hub”"
244,"LLC 8:                                                                                                            LLC 8: “Automated Business Continuity Planning & Enterprise Resilience Command System”"
245,"LLC 9:                                                                                                            LLC 9: “Intelligent Risk Transfer Analytics & Cyber Insurance Coverage Optimization Engine”"
246,"LLC X:                                                                                                            LLC X: “Strategic Risk Intelligence Fusion & Market-Adaptive Competitive Edge Analyzer”"
247,"LLC Y:                                                                                                            LLC Y:"
248,"LLC Z:                                                                                                            LLC Z:"
249,"LLC A:                                                                                                            LLC A:"
250,"LLC B:                                                                                                            LLC B:"
251,"LLC C:                                                                                                            LLC C:"
252,""
253,"Division L: Legal Compliance and Federal Administration                                                           Division P: Particle Physics & Molecular Research"
254,"Partnership-Taxed LLCs                                                                                            Partnership-Taxed LLCs"
255,"LLC 0: “Federal-State Labor Law Knowledge Graph & Compromise API”                                                 LLC 0: Supersolids, Time Crystals & Exotic Condensate OQH Testbed"
256,"LLC 1: “Live Filibuster Suppression & Conclusive Extension NLP”                                                   LLC 1: Inverted Telophasing & Epigenetic Research Applications"
257,"LLC 2: “Dynamic Collective Bargaining Simulator & CBA Knowledge Graph”                                            LLC 2: “Sub-Planckian Quantum RF Shield Engineering & Casimir Manipulation”"
258,"LLC 3: “Instant Debate Reciprocation & Federal Rebuttal API”                                                      LLC 3: “Quark-Gluon Condensate & Hadronic Matter Paldus Transform”"
259,"LLC 4: “Autonomous Federal Bill Generation & Live Precedent Validator”                                            LLC 4: “Axion & Dark Photon & Hidden Sector Detection Matrices"""
260,"LLC 5: “Multilateral Treaty Harmonization Engine & State-Level Override Negotiator”                               LLC 5: “Entangled Biophoton & Bio-Exciton Networks”"
261,"LLC 6: “Federal Litigation Scenario Simulator & Automated Case Generator”                                         LLC 6: “Muonic Molecule Catalysis & Plasmonic Recovery”"
262,"LLC 7: “Constitutional Crisis Alert System & Governance Fracture Forecaster”                                      LLC 7: “Non-Abelian Anyonic Matter & Photonic-Supra-Bose Integration Kits”"
263,"LLC 8: “Automated Lobbyist Routing & Legislative Influence Graph”                                                 LLC 8: “Closed-Loop Quantum Gravity Metamaterials Discovery Engine"""
264,"LLC 9: “Shadow Regulation Index & DeFacto Policy Extractor”                                                       LLC 9: “Negative Effective Gravitational Mass & CRISPR-AI Stabilization”"
265,"LLC X: “Global Law Knowledge Graph & Neuro-Legal Arbitrage”                                                       LLC X: “Plasmonic Harvesting Muon-Dark Matter Reactors & Axion-Muon Catalysis”"
266,"LLC Y: “Anti-Lobbyist Router Bribing DAO”                                                                         LLC Y:"
267,"LLC Z:                                                                                                            LLC Z:"
268,"LLC A:                                                                                                            LLC A:"
269,"LLC B:                                                                                                            LLC B:"
270,"LLC C:                                                                                                            LLC C:"
271,"CONFIDENTIAL AND PROPRIETARY TO S CORPORATION SHAREHOLDERS                                                                Strategic Partners & Anchor Investors:"
272,"EXPERIMENTAL BRICS-NATO CONTINGENT 001:                                                                                   National Security Councils"
273,"“UNTITLED R&D”                                                                                                            Defense Ministries"
274,"                                                                                                                          Central Banks within the G20"
275,"CONTROLLED AND GOVERNED BY C CORPORATION BYLAWS                                                                           Intelligence agencies (e.g., CIA, FSB, MSS)"
276,"ACTIVE GLOBAL HOLDING STRUCTURE PROJECT                                                                                   Advanced R&D bodies ( DARPA Analogs )"
277,"EQUIPPED FOR 100 S CORP SHAREHOLDERS                                                                                      Sovereign Wealth Funds"
278,""
279,"Entity Name: UNTITLED R&D                                                                                                 Market Conditions, Opportunities, & Positioning:"
280,"Incorporation State: DELAWARE (>$5000K) or WYOMING (<$5000K)                                                              Operations are maintained under proactive regulatory alignment & standard-setting for agencies in United States."
281,"Registered Agent: NATIONAL REGISTERED AGENT SERVICE (CSC or CT Corp)                                                      Full portfolio maturation as agentic orchestration accelerates to TRL 7-9 for deployable, revenue-generating assets."
282,"Legal Structure: C CORPORATION                                                                                            NATO and BRICS blocs considered for GDP-weighted investment and ROI allocation and multi-currency operations."
283,"File Number: PENDING                                                                                                      Contingency protocols for autonomous passthrough entities, scenario-based planning, and treasury diversification."
284,"EIN Number: PENDING"
285,"Audit Firm: “BIG FOUR” ACCOUNTING FIRMS (Deloitte, PwC, EY, & KPMG)                                                       Shareholder Exit & Reconstitution Framework:"
286,"Corporate Counsel: TBD via RFP PROCESS                                                                                    Shareholder exits are structured to preserve institutional continuity under the following contingent protocols:"
287,"Primary Banking: TIER-1 U.S./EU BANKS FOR NATO-FACING LLCs                                                                Pro-Rata Salvage Conversion."
288,"Parallel Banking: DESIGNATED GLOBAL INSTITUTIONS (e.g., Standard Chartered, DBS Bank, First Abu Dhabi Bank)               Passthrough Reassignment."
289,"Contingency Protocol: PRE-VETTED SPECIALIZED BANKS (e.g., Bank of Singapore, EFG Bank)                                    Treasury-Indexed Buybacks."
290,"Insurance Carrier: A-RATED CARRIER D&O & BLANKET E&O POLICY                                                               Cross-Bloc Currency Tranche Settlements."
291,"                                                                                                                          Deferred Reconstitution Notes."
292,"These are experimental contingent assets for BRICS and NATO economies.                                                    These mechanisms enable full corporate rebooting with a multi-currency treasury base across BRICS and NATO blocs."
293,"The corporation consists of 26 divisions (A-Z) with multiple LLCs per division."
294,"This document represents the corporation as a pre-seed R&D framework."
295,""
296,"Financial Analysis Framework:"
297,"1. Division-by-division analysis"
298,"2. Projected TRL 1–9 asset realization"
299,"3. Valuation methodology (SOTP)"
300,"4. Portfolio-level ROI calculation"
301,"5. Strategic and operational implications"
302,""
303,"GDP-Weighted Valuation Logic:"
304,"Investment allocation and ROI projections are weighted proportionally"
305,"to the aggregate GDPs of NATO-aligned and BRICS-aligned economies."
306,"Portfolio value reflects multi-currency modeling, sovereign liquidity access, and cross-bloc treasury bifurcation."
307,"Division valuations align to TRL 7–9 deployment readiness, market comparables, and jurisdictional economic weightings."
308,""
309,"Agentic DAO & Large Language Model Protocols:"
310,"1. Analyze technological feasibility for theoretical and proven concepts."
311,"2. Focus on economic implications and development pathways."
312,"3. Treat as strategic planning to develop operational applications."
313,"4. Note dependencies and research cascades between technologies."
314,""
315,"Contingent Protocols:"
316,"1. Consolidate all assets into UNTITLED R&D."
317,"2. Monitor and brace for defined contingent events in BRICS and NATO economies."
318,"3. Pre-establish one passthrough entity per participant and execute all standby agreements."
319,"4. Deploy immediate tax-efficient drop-down to LLC subsidiaries and pro-rata distribution of interests."
320,"5. Alternatively, after 5-year hold and S-election, complete full S-corporation liquidation."
321,"6. Activate the decentralized network of 100+ independent passthrough entities."
322,""
323,"Universal Legend:"
324,""
325,"Division Name"
326,"Business Entity"
327,"LLC #: TRL 1-3 - “Experimental & Theoretical”"
328,"LLC #: TRL 4-6 - Development Ready"
329,"LLC #: TRL 7-9 - [ Realizable Asset ]"
330,""
331,"Division Q: Hyper Computer Prototype                                                                              Division U: Textile Engineering"
332,"Partnership-Taxed LLCs                                                                                            Partnership-Taxed LLCs"
333,"LLC 0: 3D Photonic-Integrated Circuits with Microfluidic Cooling & DNA-Assisted Alignment                         LLC 0: Interwoven Dyneema & Faraday Carbon Nanotube Mesh"
334,"LLC 1: Atomic Clock-Synchronized Quantum Memory with Protein-Based Stabilization                                  LLC 1: “Lenticular Printing”"
335,"LLC 2: Electro-Optic Tunable CMOS Photonics with Active Refractive Index Control                                  LLC 2:"
336,"LLC 3: Reconfigurable Magnetofluidic Logic & Plasmonic Spin Transport                                             LLC 3:"
337,"LLC 4: Low-Dissipation Plasmonic Interconnects with Vortex-Based Routing                                          LLC 4:"
338,"LLC 5: Topological Photonic Qubits with Dynamical Error Correction                                                LLC 5:"
339,"LLC 6: Microfluidic-Tuned Nanolasers with Plasmonic Enhancement                                                   LLC 6:"
340,"LLC 7: Bio-Programmable Quantum Materials & Polariton-Time-Crystal Networks                                       LLC 7:"
341,"LLC 8: Cryogenic Neuromorphic Controllers with Adaptive Thermal Management                                        LLC 8:"
342,"LLC 9: Superconducting Quantum Buses with Topological Shielding                                                   LLC 9:"
343,"LLC X: Plasmonic Waste-Heat Recovery & Multi-Modal Energy Harvesting                                              LLC X:"
344,"LLC Y:                                                                                                            LLC Y:"
345,"LLC Z:                                                                                                            LLC Z:"
346,"LLC A:                                                                                                            LLC A:"
347,"LLC B:                                                                                                            LLC B:"
348,"LLC C:                                                                                                            LLC C:"
349,""
350,"Division R: General Relativity Node                                                                               Division V: Virtual Reality Research Applications"
351,"Partnership-Taxed LLCs                                                                                            Partnership-Taxed LLCs"
352,"LLC 0: Terawatt Plasma Wakefield Accelerators                                                                     LLC 0:"
353,"LLC 1: Nanohertz Gravitational Wave Calibration                                                                   LLC 1:"
354,"LLC 2: Analog Bose-Einstein Condensates & Hawking Radiation                                                       LLC 2:"
355,"LLC 3: Axion-Photon Coupling Telescopes                                                                           LLC 3:"
356,"LLC 4: Ultra-Relativistic Muon Beams                                                                              LLC 4:"
357,"LLC 5: Sub-Wavelength Casimir Actuators                                                                           LLC 5:"
358,"LLC 6: Neutron Star Crust Synthesizers                                                                            LLC 6:"
359,"LLC 7: Alcubierre-Metric Plasma Simulations                                                                       LLC 7:"
360,"LLC 8: AdS/CFT Quantum Simulators                                                                                 LLC 8:"
361,"LLC 9: Curved Spacetime Epigenetic Clocks                                                                         LLC 9:"
362,"LLC X: Exascale Quantum-HPC Hybrid Clusters                                                                       LLC X:"
363,"LLC Y:                                                                                                            LLC Y:"
364,"LLC Z:                                                                                                            LLC Z:"
365,"LLC A:                                                                                                            LLC A:"
366,"LLC B:                                                                                                            LLC B:"
367,"LLC C:                                                                                                            LLC C:"
368,""
369,"Division S: String Theory Node                                                                                    Division W: Widgets"
370,"Partnership-Taxed LLCs                                                                                            Partnership-Taxed LLCs"
371,"LLC 0: Topological String Compactifications & Gepner Modeled Anyonic Braiding Kits                                LLC 0: Proprietary CSV/TSV Memory Parsing & Semantic Agent Ingestion Core"
372,"LLC 1: Muon–Axion–Dark Photon & Warped Brane Reactors                                                             LLC 1: Real-Time LLM Prompt Telemetry & Macro Reconstruction Interface (D:A LLC:0)"
373,"LLC 2: Holographic Optical Lattice & Planck-Scale Metamaterial AI Simulator                                       LLC 2:"
374,"LLC 3: Non-Abelian CRISPR Editors & Anyon-Based DNA Rewiring                                                      LLC 3:"
375,"LLC 4: Axion-Dilaton Duality Maps & Swampland Conjecture Filters                                                  LLC 4:"
376,"LLC 5: Entangled Spacetime Qubits & Wormhole-Inspired Bio-Quantum Links                                           LLC 5:"
377,"LLC 6: Muon-Gauge Theory Unification & D-Brane Open String Muons                                                  LLC 6:"
378,"LLC 7: Topological String Networks & Higher-D Brane-in-Box Formalism-Reactors                                     LLC 7:"
379,"LLC 8: Fractionally Charged Muons & Intersecting D6-Branes                                                        LLC 8:"
380,"LLC 9: Tachyonic Condensation Protocols & Sen’s Tachyon Dynamics                                                  LLC 9:"
381,"LLC X: M-Theory Energy Condensates & M2-Brane Hydrodynamics                                                       LLC X:"
382,"LLC Y:                                                                                                            LLC Y:"
383,"LLC Z:                                                                                                            LLC Z:"
384,"LLC A:                                                                                                            LLC A:"
385,"LLC B:                                                                                                            LLC B:"
386,"LLC C:                                                                                                            LLC C:"
387,""
388,"Division T: Theocratic Infrastructure, Neo-Religious Orthodox, & Occult Research                                  Division X"
389,"Partnership-Taxed LLCs                                                                                            Partnership-Taxed LLCs"
390,"LLC 0: “Inter-Religious Dogma Harmonization & Convergence Engine”                                                 LLC 0: “Semiotic Forensic Audit Ontology Foundry & Cultural Asset Synthesizer”"
391,"LLC 1: Membership ID & Data Licensing Protection Protocols                                                        LLC 1: “Narrative Disclosure Intelligence, Authenticity Performance Index & Personal Semiotic Vetting”"
392,"LLC 2:                                                                                                            LLC 2: “Cultural Topography, Proxemic Simulation Studio & Media Diffusion Engine”"
393,"LLC 3:                                                                                                            LLC 3: “Regulatory Hegemonic Compliance Engine Semiotics Parser Symbolic Asset Protection Kernel”"
394,"LLC 4:                                                                                                            LLC 4: “Counter-Hegemonic Operations Laboratory & Cultural Disruption Framework”"
395,"LLC 5:                                                                                                            LLC 5: “Predictive Sigma Futures Hub, Semiotic Cycle Analyzer & Cultural Forecasting Dashboard”"
396,"LLC 6:                                                                                                            LLC 6: “Cultural Infrastructure Exchange, Deployment Interface & Institutional Integration Gateway”"
397,"LLC 7:                                                                                                            LLC 7: “Bourdieu Field Dynamics Engine & Capital Translation Layer”"
398,"LLC 8:                                                                                                            LLC 8: “Habitus Embodiment & Field Co-Construction Studio”"
399,"LLC 9:                                                                                                            LLC 9: “Inverted Primed Agenda & Framed Moral Panic Template”"
400,"LLC X:                                                                                                            LLC X: “Male Gaze Subversion Templates & Spy Disguises (Textiles, Prosthetics, etc.)”"
401,"LLC Y:                                                                                                            LLC Y: “Digital Habitus Signature Profiler & Global Keystroke-Mouse Dynamics Identifier”"
402,"LLC Z:                                                                                                            LLC Z:"
403,"LLC A:                                                                                                            LLC A:"
404,"LLC B:                                                                                                            LLC B:"
405,"LLC C:                                                                                                            LLC C:"
406,"CONFIDENTIAL AND PROPRIETARY TO S CORPORATION SHAREHOLDERS                                                                       Strategic Partners & Anchor Investors:"
407,"EXPERIMENTAL BRICS-NATO CONTINGENT 001:                                                                                          National Security Councils"
408,"“UNTITLED R&D”                                                                                                                   Defense Ministries"
409,"                                                                                                                                 Central Banks within the G20"
410,"CONTROLLED AND GOVERNED BY C CORPORATION BYLAWS                                                                                  Intelligence agencies (e.g., CIA, FSB, MSS)"
411,"ACTIVE GLOBAL HOLDING STRUCTURE PROJECT                                                                                          Advanced R&D bodies ( DARPA Analogs )"
412,"EQUIPPED FOR 100 S CORP SHAREHOLDERS                                                                                             Sovereign Wealth Funds"
413,""
414,"Entity Name: UNTITLED R&D                                                                                                        Market Conditions, Opportunities, & Positioning:"
415,"Incorporation State: DELAWARE (>$5000K) or WYOMING (<$5000K)                                                                     Operations are maintained under proactive regulatory alignment & standard-setting for agencies in United States."
416,"Registered Agent: NATIONAL REGISTERED AGENT SERVICE (CSC or CT Corp)                                                             Full portfolio maturation as agentic orchestration accelerates to TRL 7-9 for deployable, revenue-generating assets."
417,"Legal Structure: C CORPORATION                                                                                                   NATO and BRICS blocs considered for GDP-weighted investment and ROI allocation and multi-currency operations."
418,"File Number: PENDING                                                                                                             Contingency protocols for autonomous passthrough entities, scenario-based planning, and treasury diversification."
419,"EIN Number: PENDING"
420,"Audit Firm: “BIG FOUR” ACCOUNTING FIRMS (Deloitte, PwC, EY, & KPMG)                                                              Shareholder Exit & Reconstitution Framework:"
421,"Corporate Counsel: TBD via RFP PROCESS                                                                                           Shareholder exits are structured to preserve institutional continuity under the following contingent protocols:"
422,"Primary Banking: TIER-1 U.S./EU BANKS FOR NATO-FACING LLCs                                                                       Pro-Rata Salvage Conversion."
423,"Parallel Banking: DESIGNATED GLOBAL INSTITUTIONS (e.g., Standard Chartered, DBS Bank, First Abu Dhabi Bank)                      Passthrough Reassignment."
424,"Contingency Protocol: PRE-VETTED SPECIALIZED BANKS (e.g., Bank of Singapore, EFG Bank)                                           Treasury-Indexed Buybacks."
425,"Insurance Carrier: A-RATED CARRIER D&O & BLANKET E&O POLICY                                                                      Cross-Bloc Currency Tranche Settlements."
426,"                                                                                                                                 Deferred Reconstitution Notes."
427,"These are experimental contingent assets for BRICS and NATO economies.                                                           These mechanisms enable full corporate rebooting with a multi-currency treasury base across BRICS and NATO blocs."
428,"The corporation consists of 26 divisions (A-Z) with multiple LLCs per division."
429,"This document represents the corporation as a pre-seed R&D framework."
430,""
431,"Financial Analysis Framework:"
432,"1. Division-by-division analysis"
433,"2. Projected TRL 1–9 asset realization"
434,"3. Valuation methodology (SOTP)"
435,"4. Portfolio-level ROI calculation"
436,"5. Strategic and operational implications"
437,""
438,"GDP-Weighted Valuation Logic:"
439,"Investment allocation and ROI projections are weighted proportionally"
440,"to the aggregate GDPs of NATO-aligned and BRICS-aligned economies."
441,"Portfolio value reflects multi-currency modeling, sovereign liquidity access, and cross-bloc treasury bifurcation."
442,"Division valuations align to TRL 7–9 deployment readiness, market comparables, and jurisdictional economic weightings."
443,""
444,"Agentic DAO & Large Language Model Protocols:"
445,"1. Analyze technological feasibility for theoretical and proven concepts."
446,"2. Focus on economic implications and development pathways."
447,"3. Treat as strategic planning to develop operational applications."
448,"4. Note dependencies and research cascades between technologies."
449,""
450,"Contingent Protocols:"
451,"1. Consolidate all assets into UNTITLED R&D."
452,"2. Monitor and brace for defined contingent events in BRICS and NATO economies."
453,"3. Pre-establish one passthrough entity per participant and execute all standby agreements."
454,"4. Deploy immediate tax-efficient drop-down to LLC subsidiaries and pro-rata distribution of interests."
455,"5. Alternatively, after 5-year hold and S-election, complete full S-corporation liquidation."
456,"6. Activate the decentralized network of 100+ independent passthrough entities."
457,""
458,"Universal Legend:"
459,""
460,"Division Name"
461,"Business Entity"
462,"LLC #: TRL 1-3 - “Experimental & Theoretical”"
463,"LLC #: TRL 4-6 - Development Ready"
464,"LLC #: TRL 7-9 - [ Realizable Asset ]"
465,""
466,"Division Y                                                                                                               Interoperability & Dependencies"
467,"Partnership-Taxed LLCs                                                                                                   Cross-division data interfaces must be documented and version-controlled. Shared infrastructure limited to non-operational"
468,"LLC 0:                                                                                                                   R&D environments. API specifications required for all inter-LLC data exchange."
469,"LLC 1:"
470,"LLC 2:                                                                                                                   Problem Definition & Constraints"
471,"LLC 3:                                                                                                                   Each Division maintains defined research problem statements. Non-goals explicitly documented to prevent scope creep."
472,"LLC 4:                                                                                                                   Boundary conditions established for geopolitical and ethical considerations."
473,"LLC 5:"
474,"LLC 6:                                                                                                                   Deliverables & Output Standards"
475,"LLC 7:                                                                                                                   Technical white-papers for theoretical concepts (TRL 1-3)"
476,"LLC 8:                                                                                                                   Prototype demonstrations for development assets (TRL 4-6)"
477,"LLC 9:                                                                                                                   Safety cases and economic feasibility analyses (TRL 7-9)"
478,"LLC X:"
479,"LLC Y:                                                                                                                   SPECULATIVE COMPONENT DISCLAIMER"
480,"LLC Z:                                                                                                                   This framework includes theoretical and experimental concepts for scenario analysis and long-range planning purposes only."
481,"LLC A:                                                                                                                   Inclusion of any technology does not imply technical feasibility, commercial viability, or operational readiness."
482,"LLC B:"
483,"LLC C:                                                                                                                   NON-OPERATIONAL STATUS"
484,"                                                                                                                         UNTITLED R&D is a research and holding framework only. No claims of functionality, performance, or operational"
485,"Division Z:                                                                                                              capability are made or implied. All assets remain in pre-seed research phase until explicit governance approval for"
486,"Partnership-Taxed LLCs                                                                                                   development transition."
487,"LLC 0:"
488,"LLC 1:"
489,"LLC 2:"
490,"LLC 3:                                                                                                                   INCORPORATION AND DAY-ONE GOVERNANCE PACKAGE"
491,"LLC 4:"
492,"LLC 5:                                                                                                                   (November 2025)"
493,"LLC 6:"
494,"LLC 7:                                                                                                                   1. Choice of Jurisdiction (to be decided by shareholders before filing)"
495,"LLC 8:"
496,"LLC 9:                                                                                                                                  • Projected capital ≥ $5,000,000 in first 12 months → Delaware"
497,"LLC X:                                                                                                                                  • Projected capital < $5,000,000 in first 12 months → Wyoming"
498,"LLC Y:"
499,"LLC Z:                                                                                                                   Registered agent will be selected from nationally recognized providers at the time of filing (CSC, Northwest Registered Agent,"
500,"LLC A:                                                                                                                   Harvard Business Services, etc.)."
501,"LLC B:"
502,"LLC C:                                                                                                                   2. Articles of Incorporation – Exact Filing Text"
503,"                                                                                                                         (Delaware version shown; Wyoming version is identical in substance with statute references updated)"
504,"R&D GOVERNANCE & COMPLIANCE FRAMEWORK"
505,"                                                                                                                         3. Key Bylaw Provisions (only the four sentences that matter – the rest of the bylaws are standard)"
506,"R&D Governance Charter"
507,"All activities are confined to theoretical research, feasibility studies, and prototype development under a Research     AMENDED AND RESTATED BYLAWS OF UNTITLED R&D"
508,"Oversight"
509,"Board. No operational deployment is authorized without Board approval. An external Ethics Advisory Panel reviews         ARTICLE II: MEETINGS OF SHAREHOLDERS"
510,"all high-"
511,"risk projects.                                                                                                           Section 2.10 Quorum."
512,"                                                                                                                         Except as otherwise provided by law, the holders of a majority of the shares entitled to vote, present in person or"
513,"Technology Readiness Level (TRL) Classification                                                                          represented by proxy (including, for the avoidance of doubt, by electronic transmission), shall constitute a quorum at"
514,"TRL 1-3 (Basic Research): Theoretical concepts (Divisions P, R, S) - Capped funding                                      all meetings of the shareholders for the transaction of business."
515,"TRL 4-6 (Experimental): Proof-of-concept development (Divisions D, N, Q) - Milestone-based funding"
516,"TRL 7-9 (Development): Near-term deployable assets (Divisions A, B, G) - Performance-based funding                       ARTICLE III: BOARD OF DIRECTORS"
517,""
518,"Research Methodology                                                                                                     Section 3.15 Officers; Autonomous Execution Officer."
519,"Simulation-first approach required for all theoretical concepts. Third-party validation mandatory for TRL 4+ projects."
520,"All                                                                                                                      The Board of Directors may appoint such officers as it deems necessary, including an Autonomous Execution Officer"
521,"research must adhere to IEEE documentation standards and FAIR data principles.                                           (AXO). The Board is expressly authorized to delegate to the AXO any of the Board’s powers, duties, and"
522,"                                                                                                                         responsibilities, excepting those powers which by law, the Articles of Incorporation, or these Bylaws may not be"
523,"Regulatory Compliance                                                                                                    delegated. Any such delegation shall be made by resolution and shall be subject to such limitations, controls, and"
524,"Notwithstanding any exploratory nature, all activities comply with U.S. and international laws including ITAR/EAR,       reporting requirements as the Board may establish."
525,"GDPR/CCPA,"
526,"SEC/FINRA regulations, and FCPA. Dual-use technologies require mandatory classification and controls.                 ARTICLE IV: SUBSIDIARIES AND AFFILIATES"
527,"                                                                                                                      Section 4.4 Authorization."
528,"Risk Management                                                                                                       The Corporation is hereby authorized to form, acquire, and hold interests in up to five hundred (500) subsidiary"
529,"Comprehensive technical risk taxonomy applied to all projects. Quarterly Program Hazard Analysis required with        entities, including but not limited to limited liability companies and corporations,"
530,"specific focus                                                                                                        as part of its operational and holding structure."
531,"on AI safety, biohazards, and cybersecurity. All high-risk vectors require designated owners and mitigation pathways."
532,"                                                                                                                      ARTICLE VIII: AMENDMENTS"
533,"Human Subjects & Bioethical Safeguards                                                                                Section 8.1 Power of Directors."
534,"IRB approval required before any human subjects research. Explicit prohibition of germline editing, non-consensual These Bylaws may be altered, amended, or repealed, and new Bylaws may be adopted, by the affirmative vote of a"
535,"monitoring, and behavioral manipulation. Rigorous informed consent protocols required for neurotech and medical majority of the Board of Directors then in office at any regular or special meeting."
536,"research."
537,"                                                                                                                      4. Day-One Unanimous Written Consent of the Board"
538,"Financial Stewardship                                                                                                 (Executed immediately after filing)"
539,"Stage-gated funding tied to TRL milestones and Board approval. Quarterly research expenditure reporting with cost-"
540,"center                                                                                                                5. Short-Form Shareholder Consent"
541,"boundaries between speculative and development research. External R&D tax credit audit compliance required.           (One page – signed before any money is accepted)"
542,"                                    CONFIDENTIAL AND PROPRIETARY TO S CORPORATION SHAREHOLDERS                                                               Strategic Partners & Anchor Investors:"
543,"                                    EXPERIMENTAL BRICS-NATO CONTINGENT 001:                                                                                  National Security Councils"
544,"                                    “UNTITLED R&D”                                                                                                           Defense Ministries"
545,"                                                                                                                                                             Central Banks within the G20"
546,"                                    CONTROLLED AND GOVERNED BY C CORPORATION BYLAWS                                                                          Intelligence agencies (e.g., CIA, FSB, MSS)"
547,"                                    ACTIVE GLOBAL HOLDING STRUCTURE PROJECT                                                                                  Advanced R&D bodies ( DARPA Analogs )"
548,"                                    EQUIPPED FOR 100 S CORP SHAREHOLDERS                                                                                     Sovereign Wealth Funds"
549,""
550,"                                    Entity Name: UNTITLED R&D                                                                                                Market Conditions, Opportunities, & Positioning:"
551,"                                    Incorporation State: DELAWARE (>$5000K) or WYOMING (<$5000K)                                                             Operations are maintained under proactive regulatory alignment & standard-setting for agencies in United States."
552,"                                    Registered Agent: NATIONAL REGISTERED AGENT SERVICE (CSC or CT Corp)                                                     Full portfolio maturation as agentic orchestration accelerates to TRL 7-9 for deployable, revenue-generating assets."
553,"                                    Legal Structure: C CORPORATION                                                                                           NATO and BRICS blocs considered for GDP-weighted investment and ROI allocation and multi-currency operations."
554,"                                    File Number: PENDING                                                                                                     Contingency protocols for autonomous passthrough entities, scenario-based planning, and treasury diversification."
555,"                                    EIN Number: PENDING"
556,"                                    Audit Firm: “BIG FOUR” ACCOUNTING FIRMS (Deloitte, PwC, EY, & KPMG)                                                      Shareholder Exit & Reconstitution Framework:"
557,"                                    Corporate Counsel: TBD via RFP PROCESS                                                                                   Shareholder exits are structured to preserve institutional continuity under the following contingent protocols:"
558,"                                    Primary Banking: TIER-1 U.S./EU BANKS FOR NATO-FACING LLCs                                                               Pro-Rata Salvage Conversion."
559,"                                    Parallel Banking: DESIGNATED GLOBAL INSTITUTIONS (e.g., Standard Chartered, DBS Bank, First Abu Dhabi Bank)              Passthrough Reassignment."
560,"                                    Contingency Protocol: PRE-VETTED SPECIALIZED BANKS (e.g., Bank of Singapore, EFG Bank)                                   Treasury-Indexed Buybacks."
561,"                                    Insurance Carrier: A-RATED CARRIER D&O & BLANKET E&O POLICY                                                              Cross-Bloc Currency Tranche Settlements."
562,"                                                                                                                                                             Deferred Reconstitution Notes."
563,"                                    These are experimental contingent assets for BRICS and NATO economies.                                                   These mechanisms enable full corporate rebooting with a multi-currency treasury base across BRICS and NATO blocs."
564,"                                    The corporation consists of 26 divisions (A-Z) with multiple LLCs per division."
565,"                                    This document represents the corporation as a pre-seed R&D framework."
566,""
567,"                                    Financial Analysis Framework:"
568,"                                    1. Division-by-division analysis"
569,"                                    2. Projected TRL 1–9 asset realization"
570,"                                    3. Valuation methodology (SOTP)"
571,"                                    4. Portfolio-level ROI calculation"
572,"                                    5. Strategic and operational implications"
573,""
574,"                                    GDP-Weighted Valuation Logic:"
575,"                                    Investment allocation and ROI projections are weighted proportionally"
576,"                                    to the aggregate GDPs of NATO-aligned and BRICS-aligned economies."
577,"                                    Portfolio value reflects multi-currency modeling, sovereign liquidity access, and cross-bloc treasury bifurcation."
578,"                                    Division valuations align to TRL 7–9 deployment readiness, market comparables, and jurisdictional economic weightings."
579,""
580,"                                    Agentic DAO & Large Language Model Protocols:"
581,"                                    1. Analyze technological feasibility for theoretical and proven concepts."
582,"                                    2. Focus on economic implications and development pathways."
583,"                                    3. Treat as strategic planning to develop operational applications."
584,"                                    4. Note dependencies and research cascades between technologies."
585,""
586,"                                    Contingent Protocols:"
587,"                                    1. Consolidate all assets into UNTITLED R&D."
588,"                                    2. Monitor and brace for defined contingent events in BRICS and NATO economies."
589,"                                    3. Pre-establish one passthrough entity per participant and execute all standby agreements."
590,"                                    4. Deploy immediate tax-efficient drop-down to LLC subsidiaries and pro-rata distribution of interests."
591,"                                    5. Alternatively, after 5-year hold and S-election, complete full S-corporation liquidation."
592,"                                    6. Activate the decentralized network of 100+ independent passthrough entities."
593,""
594,"                                    Universal Legend:"
595,""
596,"                                    Division Name"
597,"                                    Business Entity"
598,"                                    LLC #: TRL 1-3 - “Experimental & Theoretical”"
599,"                                    LLC #: TRL 4-6 - Development Ready"
600,"                                    LLC #: TRL 7-9 - [ Realizable Asset ]"
601,""
602,"                                    EXECUTION TIMELINE"
603,"                                    1. Shareholders pick Delaware or Wyoming and registered agent"
604,"                                    2. File Articles (24–48 hours)"
605,"                                    3. Execute Day-One Consent and obtain shareholder signatures"
606,"                                    4. Obtain EIN and open bank accounts"
607,""
608,"                                    Once complete, the corporation is fully operational, bankable, insurable, and ready to form the planned subsidiaries"
609,"                                    and appoint the AXO at the appropriate future date."
610,""
611,"                                    All other sections of this memorandum are internal planning materials to be implemented under the authority granted"
612,"                                    above."
613,""
614,"                                    AUTONOMOUS OPTIMIZATION & CASCADING R&D IMPROVEMENT PROTOCOL"
615,""
616,"                                    Purpose:"
617,"                                    To enable the Corporation’s agentic systems, DAOs, and computational infrastructures to autonomously identify,"
618,"                                    design, re ne,"
619,"                                    and stage improvements across all Divisions (A–Z), including physics-based substrate research, economic engines,"
620,"                                    and"
621,"                                    internal compute frameworks."
622,""
623,"                                    Authority:"
624,"                                    Agentic systems may exercise continuous optimization authority limited to:"
625,"                                    Discovery (identifying ine ciencies, bottlenecks, or new opportunities),"
626,"                                    Simulation (projecting performance across computational, economic, regulatory, and physics layers),"
627,"                                    Design (producing upgrade architectures, prototypes, and recommendations),"
628,"                                    Parallel Validation (running multi-model cross-validation chains to ensure correctness and risk stability)."
629,""
630,"                                    Deployment Prohibition:"
631,"                                    Agentic systems are not authorized to autonomously deploy substrate changes, modify themselves operationally, or"
632,"                                    execute"
633,"                                    irreversible system transitions."
634,""
635,"                                    Human Rati cation Threshold:"
636,"                                    Any upgrade that materially changes compute substrate architecture, cross-division infrastructure, mission-critical"
637,"                                    systems,"
638,"                                    legal, nancial, or regulatory posture, or any element that modi es corporate capabilities, must be triggered via"
639,"                                    human"
640,"                                    rati cation, requires Majority Board approval, or AXO-triggered consent under pre-approved Board resolutions."
641,""
642,"                                    Staged-Deployment Authorization:"
643,"                                    Upon human rati cation, the system may autonomously execute:"
644,"                                    Integration, testing, performance benchmarking, and phased rollout within established risk thresholds."
645,""
646,"                                    Interpretation for Agentic Systems:"
647,"                                    “Upgrade autonomy” refers to continuous self-optimization of work ows and research architectures, not unilateral"
648,"                                    self-"
649,"                                    modi cation of identity, mission, or core operational authority."
650,""
651,"                                    Intended Outcome:"
652,"                                    A fully cascading optimization pipeline in which agentic systems elevate all Divisions from TRL 1–3 to TRL 7–9 with"
653,"                                    maximum"
654,"                                    speed and minimal human bottleneck, while remaining fully compliant with U.S. corporate law, SEC/FINRA rules, DAO"
655,"                                    governance regulations, and international AI safety standards."
656,""
657,"                                    LLC 0: Competitors Treasury Stock Mitigation Protocols (Pre-Shareholder Rights Plan)"
658,"                                    LLC 1: Adaptive Shareholder Rights Plans via DAO"
659,"                                    LLC 2:Adaptive USPTO Patent Registration"
660,"                                    LLC 3: DAO Defensive Publishing via SSH accessed GitHub repositories."
661,"                                    LLC 4: Anticipatory Provisional Training Application Detection and Writing"
662,"                                    LLC 5:"
663,"                                    LLC 6:"
664,"                                    LLC 7:"
665,"                                    LLC 8:"
666,"                                    LLC 9:"
667,"                                    LLC X:"
668,"                                    LLC Y:"
669,"                                    LLC Z:"
670,"                                    LLC A:"
671,"                                    LLC B:"
672,"                                    LLC C:"
673,""
674,""
675,""
676,""
677,"fi        fi"
678,"     fi        fi   fi   fi   ffi                            fi   fl"
679,""
