1	                        IRS RETURN PREPARER OFFICE STANDARDS FOR
2	                        CONTINUING EDUCATION PROVIDER APPROVAL
3	
4	
5	
6	   •   Preamble
7	   •   General Standards
8	   •   Program Development
9	   •   Program Measurement
10	   •   Program Presentation
11	   •   Recordkeeping
12	   •   Advertising
13	   •   Provider Renewal
14	
15	
16	PREAMBLE
17	
18	Continuing education providers are those approved to present continuing education programs to
19	Registered Tax Return Preparers, Enrolled Agents, Enrolled Retirement Plan Agents, and
20	Enrolled Actuaries. A continuing education provider must:
21	
22	       (i) Be an accredited educational institution;
23	       (ii) Be recognized for continuing education purposes by the licensing body of any State,
24	            territory, or possession of the United States, including a Commonwealth, or the
25	            District of Columbia;
26	       (iii) Be recognized and approved by a qualifying organization as a provider of continuing
27	            education on subject matters within §10.6(f) of Treasury Depart Circular 230; or
28	       (iv) Be recognized by the Internal Revenue Service as a professional organization,
29	            society, or business whose programs include offering continuing professional
30	            education opportunities in subject matters within §10.6(f).
31	
32	Commentary:
33	
34	The Internal Revenue Service may, at its discretion, designate a professional organization,
35	society or business entity that maintains the educational standards defined below, as an IRS-
36	approved organization. IRS may require certain professional organizations, societies, or
37	businesses to file an agreement and/or obtain approval of sample programs prior to approval. All
38	IRS approved CE Providers will receive an approval letter with provider and program numbers
39	and will be required to use those numbers on CE certificates presented to those attendees who
40	successfully completed their programs.
41	
42	   GENERAL STANDARDS
43	
44	   01. Standard No. 1. CE Providers are responsible for compliance with all applicable IRS
45	   standards and requirements.
46	
47	   Commentary:
48	
49	
50	
51	
52	                                             1 of 7
53	
54	                    IRS RETURN PREPARER OFFICE STANDARDS FOR
55	                    CONTINUING EDUCATION PROVIDER APPROVAL
56	
57	CE Providers must follow all requirements in sections 10.6(f) and 10.9 of Circular 230. At
58	the discretion of the Internal Revenue Service, a CE Provider may be required to demonstrate
59	that the program meets all applicable standards and is designed to enhance professional
60	knowledge in Federal taxation , Federal tax related matters, or Federal tax ethics prior to
61	program numbers being issued.
62	
63	02. Standard No. 2. Every CE Provider is required to obtain a continuing education
64	provider number and pay any applicable fees.
65	
66	Commentary:
67	Provider and program numbers must be obtained as prescribed by the Internal Revenue
68	Service and all applicable fees must be paid upon registration/renewal of CE Provider status.
69	
70	
71	STANDARDS FOR CE PROGRAM DEVELOPMENT
72	
73	03. Standard No. 3. CE Provider program(s) must be developed by individual(s) qualified
74	in the subject matter.
75	
76	Commentary:
77	
78	The program developer must be a person whose background, training, education and
79	experience are appropriate for developing a federal tax or ethics/ professional conduct
80	program.
81	
82	04. Standard No. 4. Continuing education programs must be designed to enhance
83	    professional knowledge in Federal taxation, Federal tax-related matters, or tax-related
84	    ethics, and must be consistent with the Internal Revenue Code and effective tax
85	    administration.
86	
87	Commentary:
88	
89	Acceptable programs for enrolled agents must directly enhance a practitioner’s understanding
90	in Federal tax laws, Internal Revenue Service rules, regulations or procedures, and strengthen
91	the enrolled agent’s ability to represent taxpayers before the Internal Revenue Service.
92	Acceptable fields of study for enrolled agents include subjects dealing with federal tax
93	compliance, tax planning or tax controversies. Compliance includes tax return preparation
94	and review, ruling requests and protest. Tax planning focuses on applying federal tax rules
95	to prospective transactions and understanding the tax implication of unusual or complex
96	transactions. Tax controversies involve representation during examination and collection
97	matters. Unacceptable fields of study include programs not directly related to Federal
98	taxation or Federal tax related matters such as personal development, personal investments,
99	office management, general computer software or sales-oriented presentations for office
100	equipment and other system applications.
101	
102	
103	
104	
105	                                          2 of 7
106	
107	                    IRS RETURN PREPARER OFFICE STANDARDS FOR
108	                    CONTINUING EDUCATION PROVIDER APPROVAL
109	
110	Acceptable continuing educational programs for registered tax return preparers must directly
111	enhance a preparer’s ability to prepare tax returns, including individual and business income tax
112	 returns (e.g., Forms 1040, 1120/1120S) or address ethics or professional conduct in connection
113	with tax return preparation. Unacceptable programs include programs that offer no benefit to tax
114	return preparation, notwithstanding any other personal/professional benefits. Through December 31,
115	2013, the IRS will approve programs that prepare Registered Tax Return Preparer (RTRP) candidates
116	with provisional PTINs for the RTRP Competency Examination and the Special Enrollment
117	Examination (SEE). In addition, the IRS will approve programs that prepare RTRPs for the Special
118	Enrollment Examination (SEE) through 2013 and in subsequent years. However, Enrolled Agents
119	will not receive continuing education credit for RTRP Competency Examination preparation programs
120	or for SEE test preparation programs. Continuing education credit for these programs will be
121	determined by the program’s contact hours, but a maximum of 10 credit hours annually will be approved
122	for these programs and the credit will count only towards the participant’s Federal Tax Law continuing
123	education requirements. No credit towards a participant’s ethics or tax update continuing education
124	requirements will be awarded.
125	
126	Acceptable programs for enrolled retirement plan agents must directly enhance a
127	practitioner’s understanding in qualified retirement plans or relate to ethics for enrolled
128	retirement plan agents. Acceptable fields of study include programs related to plan document
129	requirements, plan operation and administration, filing requirements (Form 5500); and IRS
130	programs (the Determination Letter program and the Employee Plans Compliance Resolution
131	System). Unacceptable fields of study include programs not directly related to qualified
132	retirement plan matters such as personal development, personal investments, office
133	management, general computer software or sales-oriented presentations for office equipment
134	and other system applications.
135	
136	05. Standard No. 5. Continuing education programs must be a qualifying program
137	    consistent with Internal Revenue Service rules and regulations.
138	
139	Commentary:
140	
141	Self-study programs (including taped programs) qualify as continuing education programs
142	only if the program:
143	
144	       (a) Requires registration of the participants by the continuing education provider
145	       (b) Provides a means for evaluating successful completion of the program by the
146	           participants, including the issuance of a certificate of completion by the CE
147	           provider
148	       (c) Provides a written outline, textbook, or suitable electronic educational materials
149	       (d) Satisfies the requirements established for a qualified CE program pursuant to §
150	           10.6(f) and 10.9 of Circular 230.
151	
152	Group internet programs qualify as a continuing education program if the program:
153	
154	       (a) Requires registration of the participants by the continuing education provider;
155	       (b) Provides a written outline, textbook, or suitable electronic educational materials;
156	       (c) Provides a method for ensuring attendance during the entire program (e.g., utilizes
157	           polling questions throughout the program); and
158	                                           3 of 7
159	
160	                        IRS RETURN PREPARER OFFICE STANDARDS FOR
161	                        CONTINUING EDUCATION PROVIDER APPROVAL
162	
163	           (d) Satisfies the requirements established for a qualified CE program pursuant to
164	               §10.6(f) and 10.9 of Circular 230.
165	
166	   Face to face programs such as live conferences and seminars qualify as a continuing
167	   education program if the program:
168	
169	           (a) Requires attendance and provides each attendee with a certificate of attendance;
170	           (b) Is conducted by a qualified instructor, discussion leader, or speaker;
171	           (c) Provides or requires a written outline, textbook, or suitable electronic materials;
172	           (d) Utilizes a means for evaluating participants’ attendance; and
173	           (e) Complies with Internal Revenue guidance and requirements.
174	
175	Regardless of the type of program, the appropriate completion certificate must be issued for
176	those who meet the requirements of attendance/completion and an evaluation form must be
177	available for all participants to provide feedback on the program.
178	
179	   06. Standard No. 6. Continuing education program(s) must demonstrate current, accurate,
180	       and effective design of content, activities, materials, and delivery systems.
181	
182	   Commentary:
183	
184	   To best facilitate the learning process, approved programs and materials must be prepared,
185	   presented, and updated timely. Programs must be developed by individuals or teams having
186	   expertise in the subject matter. Expertise may be demonstrated through practical experience
187	   or education.
188	
189	   Continuing education programs must be properly geared towards the learning objectives and
190	   outcomes that clearly articulate the knowledge and skill level of the participant taking the
191	   continuing education program as well as provide participants with additional relevant
192	   knowledge to increase their professional competency.
193	
194	   07. Standard No. 7. CE Providers of self-study programs must utilize materials specifically
195	   developed for instructional use and employ learning methodologies that clearly define
196	   learning objectives, guide the participant through the learning process, and provide evidence
197	   of a participant’s satisfactory completion of the program.
198	
199	   Commentary:
200	
201	   Self-study programs requiring only the reading of general professional literature, IRS
202	   publications, or reference manuals, even if followed by a test, are not acceptable. However,
203	   the use of IRS publications/reference materials as supplemental reference to other
204	   instructional materials is allowed.
205	
206	   To guide participants through the learning process, CE program sponsors of self-study
207	   programs should elicit participant responses to test for understanding of the test material,
208	   offer evaluative feedback to incorrect responses, and provide feedback to correct responses.
209	
210	                                              4 of 7
211	
212	                     IRS RETURN PREPARER OFFICE STANDARDS FOR
213	                     CONTINUING EDUCATION PROVIDER APPROVAL
214	
215	CE program providers of self-study programs must verify each participant’s successful
216	completion of the program and maintain supporting documentation (e.g. a final examination
217	with a minimum passing grade of 70 percent).
218	
219	08. Standard No. 8. CE Providers must review programs on a periodic basis to ensure the
220	programs are accurate and consistent with currently accepted standards relating to the
221	program’s subject matter.
222	
223	Commentary:
224	
225	CE Providers must review each program prior to its initial offering and periodically
226	thereafter to ensure that the program is technically accurate and addresses the stated learning
227	objectives. The reviews must be conducted by a qualified individual.
228	
229	STANDARDS FOR CE PROGRAM MEASUREMENT
230	
231	9. Standard No. 9. CE Providers must provide each attendee with the means for evaluating
232	each program’s technical content, presentation, and fulfillment of learning objectives.
233	
234	Commentary:
235	
236	CE Providers must provide attendees with some means for evaluating the program’s content.
237	The evaluation method should include the following measures:
238	   a) Stated learning objectives were met
239	   b) Program materials accurate, relevant and contributed to the achievement of the
240	       learning objectives
241	   c) Time allotted to learning was adequate
242	   d) Facilities / equipment were appropriate
243	   e) Handouts were satisfactory
244	   f) Audio and video materials were effective
245	   g) If applicable, individual instructors were effective
246	
247	View a sample Evaluation Form.
248	
249	10. Standard No. 10. Certificates of Completion must be issued to each participant who
250	    successfully completes the program.
251	
252	Commentary:
253	
254	Certificates of completion bearing current qualified continuing education provider and
255	program numbers must be provided to the participants who successfully complete the
256	program.
257	
258	View a sample Certificate of Completion.
259	
260	
261	
262	
263	                                           5 of 7
264	
265	                     IRS RETURN PREPARER OFFICE STANDARDS FOR
266	                     CONTINUING EDUCATION PROVIDER APPROVAL
267	
268	11. Standard No. 11. Sponsored learning activities are measured by program length. One
269	CE credit is given for each contact hour; no fractional credits are given. A contact hour is
270	equal to 50 minutes.
271	
272	Commentary:
273	
274	All continuing education programs are measured in contact hours. The shortest recognized
275	program is one contact hour (or 50 minutes). Credit is given only for a full contact hour or
276	multiples thereof. For example, individuals attending a program lasting more than 50
277	minutes but less than 100 minutes will receive one credit.
278	
279	Individual segments at continuous conferences, conventions, and the like will be considered
280	one total program. For example, two 90-minute segments (180 minutes) at a continuous
281	conference will count as three contact hours.
282	
283	For universities and colleges, each semester hour credit will equal 15 contact hours and a
284	quarter hour credit will equal 10 credit hours.
285	
286	STANDARDS FOR CE PROGRAM PRESENTATION
287	
288	12. Standard No. 12. Instructors, discussion leaders, and speakers must be qualified with
289	respect to both program content and instructional methods used.
290	
291	Commentary:
292	
293	Instructors are key ingredients in the learning process for any CE program. Therefore, it is
294	imperative that CE Providers exercise great care in selecting qualified instructors for all
295	programs. Qualified instructors must be competent and current in the subject matter, skilled
296	in the use of the appropriate instructional methods and technology, and prepared in advance.
297	They also must be capable, through training, education, or experience, of communicating
298	effectively and providing an environment conducive to learning.
299	
300	STANDARDS FOR CE RECORDKEEPING
301	
302	13. Standard No. 13. CE Providers must demonstrate reliable record-keeping for both
303	program participants and instructor time, including appropriate participant certificates of
304	completion with IRS approval numbers.
305	
306	Commentary:
307	
308	CE Providers must retain sufficient records to identify the participants who attended and
309	completed the program for a period of four years following completion of the program. In
310	the case of continuous conferences, conventions, and the like, the records to be retained must
311	confirm completion of the program and attendance by each participant at each segment of the
312	program.
313	
314	
315	
316	                                           6 of 7
317	
318	                       IRS RETURN PREPARER OFFICE STANDARDS FOR
319	                       CONTINUING EDUCATION PROVIDER APPROVAL
320	
321	   14. Standard No 14. CE Providers must submit PTIN-level data as prescribed by the
322	   Internal Revenue Service for all PTIN-holders who complete their programs.
323	
324	   Commentary:
325	
326	   CE Providers will be required to submit program level data about each PTIN holder that has
327	   taken one of their programs. The information must be available prior to annual PTIN
328	   renewal for individual tax return preparers. The IRS or its CE administrator will provide
329	   additional details on the acceptable formats for providing this information.
330	
331	   STANDARDS FOR CE ADVERTISING
332	   15. Standard No. 15. CE Providers must, when requested, demonstrate compliance with
333	   IRS restrictions on advertising. Each provider’s advertised course description must
334	   accurately and truthfully describe the course being offered.
335	   Commentary:
336	   CE Providers must complete the Accrediting Organization and/or IRS provider approval
337	   processes (including any applicable payments) and obtain CE provider and program numbers
338	   prior to advertising any continuing education programs as “IRS approved.”
339	
340	   STANDARDS FOR PROVIDER RENEWAL
341	
342	   16. Standard No 16. Approved CE Providers must renew their status as prescribed by the
343	   IRS.
344	
345	   Commentary:
346	
347	   Approved CE Providers must renew with the IRS on an annual basis to continue to offer CE
348	   programs for Enrolled Agents, Enrolled Retirement Plan Agents, and Return Preparers.
349	
350	Please refer to Treasury Department Circular 230 sections 10.6 and 10.9 at www.irs.gov/taxpros
351	for additional information regarding IRS CE requirements.
352	
353	Please refer to Revenue Procedure 2012-12 for additional information about submission
354	requirements.
355	
356	
357	
358	
359	                                            7 of 7
360	
